"Dream","Description","Meaning"
"Flying","Dreamer is soaring through the air, feeling weightless and free","Sense of empowerment, freedom, and rising above challenges"
"Being Chased","Dreamer is being pursued by someone or something, feeling anxious and scared","Fear of being overwhelmed, anxiety, or avoidance of a situation"
"Falling","Dreamer is plummeting downwards, feeling a sense of loss of control","Loss of control, fear of failure, or feeling overwhelmed"
"Teeth Falling Out","Dreamer's teeth are crumbling or falling out, feeling embarrassed and anxious","Fear of being found out, anxiety about appearance, or fear of loss of power"
"Naked in Public","Dreamer is naked or exposed in a public place, feeling vulnerable and ashamed","Fear of being judged, anxiety about being exposed, or fear of vulnerability"
"Driving or Riding a Car","Dreamer is driving or riding in a car, feeling in control or out of control","Sense of direction, control, or journey in life"
"Taking a Test or Exam","Dreamer is taking a test or exam, feeling anxious or unprepared","Fear of being judged, anxiety about performance, or fear of failure"
"Meeting a Celebrity","Dreamer meets a famous person, feeling starstruck or impressed","Desire for recognition, admiration, or a sense of importance"
"Wedding or Marriage","Dreamer is getting married or attending a wedding, feeling happy or anxious","Commitment, union, or fear of commitment"
"Being Lost","Dreamer is lost or disoriented, feeling frustrated or scared","Feeling uncertain, lost, or without direction in life"
"Finding Money","Dreamer finds money or treasure, feeling happy and relieved","Good fortune, abundance, or sense of security"
"Missing a Bus or Train","Dreamer misses a bus or train, feeling frustrated or anxious","Fear of missing opportunities, anxiety about being left behind, or feeling rushed"
"Baby or Pregnancy","Dreamer is holding a baby or is pregnant, feeling nurturing or anxious","New beginnings, creativity, or fear of responsibility"
"House or Home","Dreamer is in their childhood home or a new home, feeling safe or anxious","Sense of security, comfort, or feeling grounded"
"Water or Ocean","Dreamer is swimming, drowning, or near water, feeling calm or anxious","Emotional state, spiritual journey, or fear of being overwhelmed"
"Fire or Flames","Dreamer is near fire or flames, feeling warm or scared","Passion, energy, or fear of being consumed"
"Snake or Spider","Dreamer encounters a snake or spider, feeling scared or anxious","Fear of being hurt, anxiety about a situation, or fear of the unknown"
"Food or Eating","Dreamer is eating or preparing food, feeling satisfied or anxious","Nourishment, satisfaction, or fear of indulgence"
"Traveling or Vacation","Dreamer is traveling or on vacation, feeling relaxed or anxious","Desire for escape, relaxation, or fear of the unknown"
"Death or Dying","Dreamer is dying or encounters death, feeling scared or sad","Fear of loss, fear of the unknown, or transformation"
"Music or Singing","Dreamer is listening to music or singing, feeling happy or emotional","Joy, creativity, or emotional expression"
"Sports or Game","Dreamer is playing a sport or game, feeling competitive or anxious","Desire for competition, sense of achievement, or fear of failure"
"Work or Office","Dreamer is at work or in an office, feeling productive or anxious","Sense of responsibility, productivity, or fear of being overwhelmed"
"School or Classroom","Dreamer is in a school or classroom, feeling anxious or unprepared","Fear of being judged, anxiety about performance, or fear of failure"
"Friend or Family","Dreamer encounters a friend or family member, feeling happy or anxious","Desire for connection, sense of belonging, or fear of rejection"
"Ghost or Spirit","Dreamer encounters a ghost or spirit, feeling scared or curious","Fear of the unknown, anxiety about the afterlife, or sense of connection to the dead"
"Flowers or Garden","Dreamer is in a garden or surrounded by flowers, feeling peaceful or anxious","Growth, beauty, or fear of decay"
"Storm or Weather","Dreamer is in a storm or experiencing bad weather, feeling scared or anxious","Turmoil, change, or fear of the unknown"
"Bridge or Crossing","Dreamer is crossing a bridge or navigating a difficult path, feeling anxious or determined","Transition, change, or fear of the unknown"
"Mountain or Climbing","Dreamer is climbing a mountain or feeling a sense of accomplishment, feeling proud or anxious","Challenge, achievement, or fear of failure"
"Tree or Forest","Dreamer is in a forest or surrounded by trees, feeling peaceful or anxious","Growth, wisdom, or fear of being overwhelmed"
"Key or Lock","Dreamer finds a key or is locked out, feeling empowered or frustrated","Sense of control, freedom, or fear of being trapped"
"Clouds or Sky","Dreamer is looking at clouds or the sky, feeling calm or anxious","Sense of perspective, freedom, or fear of the unknown"
"River or Flowing Water","Dreamer is near a river or flowing water, feeling calm or anxious","Emotional state, spiritual journey, or fear of being overwhelmed"
"Animal or Pet","Dreamer encounters an animal or pet, feeling happy or anxious","Desire for connection, sense of companionship, or fear of being hurt"
"Umbrella or Rain","Dreamer is holding an umbrella or in the rain, feeling protected or anxious","Sense of protection, security, or fear of being overwhelmed"
"Clock or Time","Dreamer is looking at a clock or feeling a sense of urgency, feeling anxious or rushed","Sense of time, urgency, or fear of being late"
"Door or Gate","Dreamer is opening a door or gate, feeling curious or anxious","New opportunities, sense of exploration, or fear of the unknown"
"Stairs or Ladder","Dreamer is climbing stairs or a ladder, feeling determined or anxious","Progress, achievement, or fear of failure"
"Mirror or Reflection","Dreamer is looking in a mirror or seeing a reflection, feeling self-aware or anxious","Self-reflection, introspection, or fear of being judged"
"Phone or Communication","Dreamer is using a phone or trying to communicate, feeling connected or anxious","Desire for connection, sense of communication, or fear of being misunderstood"
"Computer or Technology","Dreamer is using a computer or technology, feeling empowered or anxious","Sense of control, efficiency, or fear of being overwhelmed"
"Book or Library","Dreamer is reading a book or in a library, feeling knowledgeable or anxious","Desire for knowledge, sense of learning, or fear of being overwhelmed"
"Art or Creativity","Dreamer is creating art or expressing themselves, feeling inspired or anxious","Desire for self-expression, sense of creativity, or fear of being judged"