Dream,Dream Meaning,Dream Category
Flying,Feeling a sense of freedom and empowerment,Emotions
Falling,Loss of control or feeling overwhelmed,Emotions
Naked,Feeling vulnerable or exposed,Self-Image
Teeth Falling Out,Insecurity or fear of being found out,Self-Image
Being Chased,Feeling anxious or threatened,Emotions
Taking a Test,Feeling unprepared or judged,Self-Image
Driving,Feeling in control or empowered,Emotions
Missing a Bus,Feeling left behind or missed opportunities,Goals
Losing Something,Feeling anxious or insecure,Emotions
Finding Money,Feeling lucky or abundant,Wealth
Dying,Transformation or change,Life Cycle
Baby,New beginnings or innocence,Life Cycle
Wedding,Commitment or union,Relationships
House,Security or sense of belonging,Home
Car,Freedom or independence,Transportation
Tree,Strength or wisdom,Nature
Snake,Transformation or healing,Animals
Dog, Loyalty or friendship,Animals
Water,Emotional depth or spiritual growth,Elements
Fire,Burning passion or energy,Elements
Mountain,Climbing or overcoming challenges,Travel
Ocean,Emotional depth or spiritual growth,Elements
Flowers,Beauty or growth,Nature
Food,Abundance or nourishment,Food
Snake Bite,Hidden fears or anxieties,Animals
Ghost,Fear of the unknown or unresolved issues,Supernatural
Spiders,Feeling trapped or stuck,Animals
Bike,Freedom or independence,Transportation
Shower,Emotional cleansing or renewal,Home
Train, Journey or transition,Travel
Elevator,Upward movement or progress,Travel
Phone,Communication or connection,Technology
Computer,Knowledge or information,Technology
Book,Knowledge or wisdom,Education
Pregnancy,New beginnings or creativity,Life Cycle
Tornado,Destruction or chaos,Nature
Umbrella,Protection or shelter,Home
Kissing,Love or affection,Relationships
Crying,Release of emotions or sadness,Emotions
Drowning,Feeling overwhelmed or helpless,Emotions
Fighting,Conflict or aggression,Emotions
Running,Avoidance or escape,Emotions
Photograph,Memories or nostalgia,Art
Music,Emotional expression or creativity,Art
Dance,Movement or expression,Art
Clouds,Higher perspective or spiritual growth,Elements
Rain,Emotional cleansing or renewal,Elements
Sun,Warmth or happiness,Elements
Moon,Intuition or inner wisdom,Elements
Stars,Twinkling hopes or dreams,Elements
Clock,Time or schedule,Time
Key,Unlocking potential or secrets,Objects
Mirror,Self-reflection or introspection,Objects
Door,Opportunities or new beginnings,Home
Window,New perspectives or insights,Home
Stairs,Progress or growth,Home
Bridge,Connection or transition,Travel
River,Emotional flow or journey,Elements
Lake,Emotional depth or reflection,Elements
Forest,Density or complexity,Nature
Desert,Isolation or solitude,Nature
Island,Isolation or solitude,Nature
Mountain Peak,Achievement or success,Travel
Valley,Low points or challenges,Travel
Cave,Hidden fears or anxieties,Nature
Tunnel,Transition or passage,Travel
Labyrinth,Complexity or confusion,Nature
Garden,Growth or abundance,Nature
Swimming,Emotional release or freedom,Elements
Fishing,Patience or waiting,Leisure
Hiking,Climbing or overcoming challenges,Travel
Camping,Escape or adventure,Travel
Sailing,Freedom or adventure,Travel
Flying a Kite,Feeling carefree or joyful,Leisure
Riding a Bike,Feeling free or independent,Transportation
Playing a Game,Competition or fun,Leisure
Watching TV,Relaxation or leisure,Leisure
Listening to Music,Emotional expression or relaxation,Art
Reading a Book,Knowledge or escape,Education
Writing a Letter,Communication or expression,Communication
Making a Phone Call,Communication or connection,Communication
Sending an Email,Communication or connection,Communication
Taking a Photo,Memories or nostalgia,Art
Playing a Musical Instrument,Emotional expression or creativity,Art
Cooking a Meal,Abundance or nourishment,Food
Eating a Meal,Abundance or nourishment,Food
Drinking Wine,Relaxation or indulgence,Food
Smoking a Cigarette,Relaxation or indulgence,Addiction
Taking a Shower,Emotional cleansing or renewal,Home
Taking a Bath,Relaxation or indulgence,Home
Brushing Teeth,Self-care or hygiene,Health
Washing Hands,Self-care or hygiene,Health
Getting a Haircut,Transformation or change,Beauty
Getting a Tattoo,Self-expression or identity,Beauty
Wearing Makeup,Self-expression or confidence,Beauty
Wearing Jewelry,Self-expression or confidence,Beauty
Buying Clothes,Self-expression or identity,Fashion
Trying on Shoes,Self-expression or identity,Fashion
Getting a Massage,Relaxation or indulgence,Wellness
Getting a Facial,Relaxation or indulgence,Wellness
Exercising,Health or wellness,Wellness
Meditating,Spiritual growth or inner peace,Wellness
Yoga,Health or wellness,Wellness
Praying,Spiritual growth or connection,Wellness
Church,Spiritual growth or community,Wellness
Temple,Spiritual growth or community,Wellness
Mosque,Spiritual growth or community,Wellness
Synagogue,Spiritual growth or community,Wellness
Meeting a Celebrity,Admiration or inspiration,Entertainment
Meeting a Friend,Connection or friendship,Social
Meeting a Family Member,Connection or family,Social
Meeting a Stranger,New connections or opportunities,Social
Giving a Speech,Confidence or self-expression,Communication
Receiving a Gift,Appreciation or gratitude,Relationships
Giving a Gift,Generosity or appreciation,Relationships
Receiving a Compliment,Confidence or self-esteem,Self-Image
Giving a Compliment,Appreciation or kindness,Relationships
Receiving a Criticism,Self-improvement or growth,Self-Image
Giving a Criticism,Constructive feedback or guidance,Communication
Receiving a Promotion,Success or recognition,Career
Receiving a Demotion,Failure or setback,Career
Quitting a Job,Freedom or independence,Career
Getting Fired,Loss or failure,Career
Getting Married,Commitment or union,Relationships
Getting Divorced,Separation or loss,Relationships
Having a Child,New beginnings or creativity,Life Cycle
Losing a Loved One,Grief or loss,Emotions
Moving to a New Home,New beginnings or change,Home
Buying a New Car,Freedom or independence,Transportation
Selling a House,Selling or letting go,Home
Buying a House,New beginnings or security,Home
Planting a Tree,Growth or abundance,Nature
Cutting Down a Tree,Destruction or chaos,Nature
Fishing in a River,Patience or waiting,Leisure
Swimming in a Pool,Emotional release or freedom,Elements
Riding a Horse,Freedom or independence,Transportation
Playing with a Pet,Joy or companionship,Animals
Watching a Sunset,Beauty or appreciation,Nature
Watching a Sunrise,New beginnings or hope,Nature
Walking in the Rain,Emotional cleansing or renewal,Elements
Walking in the Snow,Serenity or peacefulness,Nature
Walking on the Beach,Relaxation or leisure,Leisure
Walking in the Park,Relaxation or leisure,Leisure
Hiking in the Mountains,Climbing or overcoming challenges,Travel
Camping in the Woods,Escape or adventure,Travel
Sailing on the Ocean,Freedom or adventure,Travel
Flying in an Airplane,Freedom or adventure,Travel
Riding a Motorcycle,Freedom or independence,Transportation
Riding a Bicycle,Freedom or independence,Transportation
Playing a Sport,Competition or fun,Leisure
Watching a Sports Game,Competition or excitement,Entertainment
Attending a Concert,Emotional expression or relaxation,Art
Attending a Play,Emotional expression or relaxation,Art
Attending a Wedding,Commitment or union,Relationships
Attending a Funeral,Grief or loss,Emotions
Visiting a Museum,Knowledge or appreciation,Education
Visiting a Gallery,Beauty or appreciation,Art
Visiting a Zoo,Appreciation or wonder,Animals
Visiting an Amusement Park,Fun or excitement,Entertainment
Visiting a Beach,Relaxation or leisure,Leisure
Visiting a Mountain,Challenge or adventure,Travel
Visiting a Forest,Density or complexity,Nature
Visiting a Desert,Isolation or solitude,Nature
Visiting an Island,Isolation or solitude,Nature
Visiting a City,Excitement or opportunity,Travel
Visiting a Town,Community or connection,Social
Visiting a Village,Community or connection,Social
Visiting a Castle,Historical significance or grandeur,Travel
Visiting a Temple,Historical significance or spirituality,Wellness
Visiting a Church,Historical significance or spirituality,Wellness
Visiting a Mosque,Historical significance or spirituality,Wellness
Visiting a Synagogue,Historical significance or spirituality,Wellness
Vis