"Dream_Type","Dream_Description","Dream_Meaning"
"Dream of Flying","I was flying high in the sky, feeling free and exhilarated.","Symbolizes a desire for freedom, empowerment, and a need to rise above challenges."
"Dream of Being Chased","I was running from a monster, feeling scared and helpless.","Represents feelings of anxiety, fear, and a sense of being overwhelmed in waking life."
"Dream of Falling","I was falling from a great height, feeling a sense of panic and loss of control.","Indicates a sense of failure, loss, or a fear of losing control in waking life."
"Dream of Teeth Falling Out","My teeth were crumbling and falling out, making me feel embarrassed and ashamed.","Symbolizes anxiety about appearance, fear of being found out, or a sense of insecurity."
"Dream of Naked in Public","I was walking naked in a crowded street, feeling exposed and vulnerable.","Represents fear of being judged, exposed, or vulnerable in waking life."
"Dream of Losing Something","I lost my phone, feeling frustrated and anxious.","Indicates a sense of disorganization, forgetfulness, or a fear of losing something valuable."
"Dream of Driving","I was driving a car, feeling in control and confident.","Symbolizes a sense of control, direction, and progress in waking life."
"Dream of Water","I was swimming in a calm ocean, feeling peaceful and relaxed.","Represents emotional balance, calmness, and a sense of clarity."
"Dream of Fire","I was standing in front of a burning fire, feeling warm and energized.","Symbolizes passion, energy, and a desire for transformation."
"Dream of Baby","I was holding a baby, feeling nurturing and protective.","Represents a desire for innocence, purity, and a need for care and protection."
"Dream of House","I was walking through a familiar house, feeling comfortable and secure.","Symbolizes a sense of security, comfort, and a desire for a sense of belonging."
"Dream of Tree","I was standing under a tall tree, feeling grounded and connected.","Represents growth, wisdom, and a connection to nature."
"Dream of Snake","I was holding a snake, feeling scared and uneasy.","Symbolizes transformation, change, and a fear of the unknown."
"Dream of Exam","I was taking an exam, feeling anxious and unprepared.","Represents a fear of being tested, judged, or evaluated in waking life."
"Dream of Wedding","I was getting married, feeling happy and excited.","Symbolizes a desire for commitment, unity, and a sense of celebration."
"Dream of Death","I was attending a funeral, feeling sad and mournful.","Represents a sense of transformation, change, and a need to let go of the past."
"Dream of Travel","I was traveling to a new place, feeling excited and adventurous.","Symbolizes a desire for exploration, discovery, and a need for change."
"Dream of Food","I was eating a delicious meal, feeling satisfied and content.","Represents a desire for nourishment, satisfaction, and a sense of pleasure."
"Dream of Music","I was listening to beautiful music, feeling uplifted and inspired.","Symbolizes a desire for creativity, inspiration, and a sense of joy."
"Dream of Flowers","I was surrounded by beautiful flowers, feeling happy and uplifted.","Represents a desire for beauty, growth, and a sense of wonder."
"Dream of Mirror","I was looking in a mirror, feeling self-aware and reflective.","Symbolizes a desire for self-awareness, introspection, and a need for personal growth."
"Dream of Clouds","I was watching clouds, feeling calm and peaceful.","Represents a sense of calmness, serenity, and a connection to the divine."
"Dream of Ocean","I was standing on the beach, feeling calm and relaxed.","Symbolizes a sense of vastness, depth, and a connection to the subconscious."
"Dream of Mountain","I was climbing a mountain, feeling challenged and determined.","Represents a desire for challenge, growth, and a sense of accomplishment."
"Dream of Rainbow","I was seeing a beautiful rainbow, feeling hopeful and optimistic.","Symbolizes a desire for hope, promise, and a sense of beauty."
"Dream of Clock","I was watching a clock, feeling anxious and time-conscious.","Represents a sense of urgency, time pressure, and a need for punctuality."
"Dream of Keys","I was holding keys, feeling empowered and in control.","Symbolizes a desire for freedom, empowerment, and a sense of authority."
"Dream of Book","I was reading a book, feeling knowledgeable and informed.","Represents a desire for knowledge, wisdom, and a sense of understanding."
"Dream of Phone","I was talking on the phone, feeling connected and communicative.","Symbolizes a desire for connection, communication, and a sense of social bonding."
"Dream of Computer","I was working on a computer, feeling productive and efficient.","Represents a desire for productivity, efficiency, and a sense of technology."
"Dream of Car","I was driving a car, feeling independent and free.","Symbolizes a desire for independence, freedom, and a sense of adventure."
"Dream of Bike","I was riding a bike, feeling carefree and joyful.","Represents a desire for freedom, joy, and a sense of youthfulness."
"Dream of Train","I was riding a train, feeling on track and focused.","Symbolizes a desire for progress, direction, and a sense of momentum."
"Dream of Ship","I was sailing on a ship, feeling adventurous and exploratory.","Represents a desire for exploration, discovery, and a sense of journey."
"Dream of Airplane","I was flying on an airplane, feeling elevated and transcendent.","Symbolizes a desire for transcendence, elevation, and a sense of global connection."
"Dream of Hotel","I was staying in a hotel, feeling comfortable and relaxed.","Represents a desire for comfort, relaxation, and a sense of luxury."
"Dream of Hospital","I was in a hospital, feeling anxious and concerned.","Symbolizes a desire for healing, health, and a sense of wellness."
"Dream of School","I was in a school, feeling curious and learning.","Represents a desire for knowledge, learning, and a sense of personal growth."
"Dream of Office","I was working in an office, feeling productive and efficient.","Symbolizes a desire for productivity, efficiency, and a sense of professionalism."
"Dream of Restaurant","I was eating in a restaurant, feeling social and indulgent.","Represents a desire for socializing, indulgence, and a sense of pleasure."
"Dream of Party","I was attending a party, feeling happy and celebratory.","Symbolizes a desire for celebration, joy, and a sense of social connection."
"Dream of Beach","I was walking on a beach, feeling relaxed and calm.","Represents a sense of relaxation, calmness, and a connection to nature."
"Dream of Forest","I was walking in a forest, feeling connected and grounded.","Symbolizes a desire for connection, grounding, and a sense of nature."
"Dream of Desert","I was walking in a desert, feeling isolated and alone.","Represents a sense of isolation, loneliness, and a need for self-reflection."
"Dream of City","I was walking in a city, feeling energized and stimulated.","Symbolizes a desire for energy, stimulation, and a sense of urban excitement."
"Dream of Bridge","I was crossing a bridge, feeling connected and transitional.","Represents a desire for connection, transition, and a sense of progress."
"Dream of Tunnel","I was walking through a tunnel, feeling confined and restricted.","Symbolizes a sense of confinement, restriction, and a need for liberation."
"Dream of Ladder","I was climbing a ladder, feeling ambitious and driven.","Represents a desire for ambition, drive, and a sense of upward mobility."
"Dream of Door","I was opening a door, feeling curious and exploratory.","Symbolizes a desire for exploration, discovery, and a sense of new opportunities."
"Dream of Window","I was looking out a window, feeling reflective and introspective.","Represents a desire for reflection, introspection, and a sense of self-awareness."
"Dream of Chair","I was sitting in a chair, feeling comfortable and relaxed.","Symbolizes a desire for comfort, relaxation, and a sense of stability."
"Dream of Table","I was sitting at a table, feeling social and connected.","Represents a desire for socializing, connection, and a sense of community."
"Dream of Bed","I was lying in a bed, feeling tired and exhausted.","Symbolizes a desire for rest, relaxation, and a sense of rejuvenation."
"Dream of Mirror","I was looking in a mirror, feeling self-aware and reflective.","Represents a desire for self-awareness, introspection, and a need for personal growth."
"Dream of Clouds","I was watching clouds, feeling calm and peaceful.","Represents a sense of calmness, serenity, and a connection to the divine."
"Dream of Ocean","I was standing on the beach, feeling calm and relaxed.","Symbolizes a sense of vastness, depth, and a connection to the subconscious."
"Dream of Mountain","I was climbing a mountain, feeling challenged and determined.","Represents a desire for challenge, growth, and a sense of accomplishment."
"Dream of Rainbow","I was seeing a beautiful rainbow, feeling hopeful and optimistic.","Symbolizes a desire for hope, promise, and a sense of beauty."
"Dream of Clock","I was watching a clock, feeling anxious and time-conscious.","Represents a sense of urgency, time pressure, and a need for punctuality."
"Dream of Keys","I was holding keys, feeling empowered and in control.","Symbolizes a desire for freedom, empowerment, and a sense of authority."
"Dream of Book","I was reading a book, feeling knowledgeable and informed.","Represents a desire for knowledge, wisdom, and a sense of understanding."
"Dream of Phone","I was talking on the phone, feeling connected and communicative.","Symbolizes a desire for connection, communication, and a sense of social bonding."
"Dream of Computer","I was working on a computer, feeling productive and efficient.","Represents a desire for productivity, efficiency, and a sense of technology."
"Dream of Car","I was driving a car, feeling independent and free.","Symbolizes a desire for independence, freedom, and a sense of adventure."
"Dream of Bike","I was riding a bike, feeling carefree and joyful.","Represents a desire for freedom, joy, and a sense of youthfulness."
"Dream of Train","I was riding a train, feeling on track and focused.","Symbolizes a desire for progress, direction, and a sense of momentum."
"Dream of Ship","I was sailing on a ship, feeling adventurous and exploratory.","Represents a desire for exploration, discovery, and a sense of journey."
"Dream of Airplane","I was flying on an airplane, feeling elevated and transcendent.","Symbolizes a desire for transcendence, elevation, and a sense of global connection."
"Dream of Hotel","I was staying in a hotel, feeling comfortable and relaxed.","Represents a desire for comfort, relaxation, and a sense of luxury."
"Dream of Hospital","I was in a hospital, feeling anxious and concerned.","Symbolizes a desire for healing, health, and a sense of wellness."
"Dream of School","I was in a school, feeling curious and learning.","Represents a desire for knowledge, learning, and a sense of personal growth."
"Dream of Office","I was working in an office, feeling productive and efficient.","Symbolizes a desire for productivity, efficiency, and a sense of professionalism."
"Dream of Restaurant","I was eating in a restaurant, feeling social and indulgent.","Represents a desire for socializing, indulgence, and a sense of pleasure."
"Dream of Party","I was attending a party, feeling happy and celebratory.","Symbolizes a desire for celebration, joy, and a sense of social connection."
"Dream of Beach","I was walking on a beach, feeling relaxed and calm.","Represents a sense of relaxation, calmness, and a connection to nature."
"Dream of Forest","I was walking in a forest, feeling connected and grounded.","Symbolizes a desire for connection, grounding, and a sense of nature."
"Dream of Desert","I was walking in a desert, feeling isolated and alone.","Represents a sense of isolation, loneliness, and a need for self-reflection."
"Dream of City","I was walking in a city, feeling energized and stimulated.","Symbolizes a desire for energy, stimulation, and a sense of urban excitement."
"Dream of Bridge","I was crossing a bridge, feeling connected and transitional.","Represents a desire for connection, transition, and a sense of progress."
"Dream of Tunnel","I was walking through a tunnel, feeling confined and restricted.","Symbolizes a sense of confinement, restriction, and a need for liberation."
"Dream of Ladder","I was climbing a ladder, feeling ambitious and driven.","Represents a desire for ambition, drive, and a sense of upward mobility."
"Dream of Door","I was opening a door, feeling curious and exploratory.","Symbolizes a desire for exploration, discovery, and a sense of new opportunities."
"Dream of Window","I was looking out a window, feeling reflective and introspective.","Represents a desire for reflection, introspection, and a sense of self-awareness."
"Dream of Chair","I was sitting in a chair, feeling comfortable and relaxed.","Symbolizes a desire for comfort, relaxation, and a sense of stability."
"Dream of Table","I was sitting at a table, feeling social and connected.","Represents a desire for socializing, connection, and a sense of community."
"Dream of Bed","I was lying in a bed, feeling tired and exhausted.","Symbolizes a desire for rest, relaxation, and a sense of rejuvenation."